domain	distractor	prompt	number	answer	difficulty
timezone		"Convert 12PM in London time to Shanghai time. Assume you are thinking about standard time, not daylight savings.

Conversion guide:
City timezones (relative to GMT):
  Hilo: GMT-10.0
  Los Angeles: GMT-8.0
  Salem: GMT-8.0
  Yorba Linda: GMT-8.0
  New York: GMT-5.0
  Altoona: GMT-5.0
  London: GMT+0.0
  Llieda: GMT+1.0
  Kafue: GMT+2.0
  Istanbul: GMT+3.0
  Delhi: GMT+5.5
  Noorabad: GMT+5.5
  Dhaka: GMT+6.0
  Jakarta: GMT+7.0
  Shanghai: GMT+8.0
  Manila: GMT+8.0
  Zhemuzhen: GMT+8.0
  Tokyo: GMT+9.0
  Nagai: GMT+9.0
  Lavrentiya: GMT+12.0

Provide the time in the same format (e.g., 1AM, 3:49PM)."	12PM	8PM	Easy
timezone		"Convert 1AM in Manila time to Delhi time. Assume you are thinking about standard time, not daylight savings.

Conversion guide:
City timezones (relative to GMT):
  Hilo: GMT-10.0
  Los Angeles: GMT-8.0
  Salem: GMT-8.0
  Yorba Linda: GMT-8.0
  New York: GMT-5.0
  Altoona: GMT-5.0
  London: GMT+0.0
  Llieda: GMT+1.0
  Kafue: GMT+2.0
  Istanbul: GMT+3.0
  Delhi: GMT+5.5
  Noorabad: GMT+5.5
  Dhaka: GMT+6.0
  Jakarta: GMT+7.0
  Shanghai: GMT+8.0
  Manila: GMT+8.0
  Zhemuzhen: GMT+8.0
  Tokyo: GMT+9.0
  Nagai: GMT+9.0
  Lavrentiya: GMT+12.0

Provide the time in the same format (e.g., 1AM, 3:49PM)."	1AM	10:30PM	Easy
timezone		"Convert 12PM in Los Angeles time to New York time. Assume you are thinking about standard time, not daylight savings.

Conversion guide:
City timezones (relative to GMT):
  Hilo: GMT-10.0
  Los Angeles: GMT-8.0
  Salem: GMT-8.0
  Yorba Linda: GMT-8.0
  New York: GMT-5.0
  Altoona: GMT-5.0
  London: GMT+0.0
  Llieda: GMT+1.0
  Kafue: GMT+2.0
  Istanbul: GMT+3.0
  Delhi: GMT+5.5
  Noorabad: GMT+5.5
  Dhaka: GMT+6.0
  Jakarta: GMT+7.0
  Shanghai: GMT+8.0
  Manila: GMT+8.0
  Zhemuzhen: GMT+8.0
  Tokyo: GMT+9.0
  Nagai: GMT+9.0
  Lavrentiya: GMT+12.0

Provide the time in the same format (e.g., 1AM, 3:49PM)."	12PM	3PM	Easy
timezone		"Convert 9PM in Zhemuzhen time to Noorabad time. Assume you are thinking about standard time, not daylight savings.

Conversion guide:
City timezones (relative to GMT):
  Hilo: GMT-10.0
  Los Angeles: GMT-8.0
  Salem: GMT-8.0
  Yorba Linda: GMT-8.0
  New York: GMT-5.0
  Altoona: GMT-5.0
  London: GMT+0.0
  Llieda: GMT+1.0
  Kafue: GMT+2.0
  Istanbul: GMT+3.0
  Delhi: GMT+5.5
  Noorabad: GMT+5.5
  Dhaka: GMT+6.0
  Jakarta: GMT+7.0
  Shanghai: GMT+8.0
  Manila: GMT+8.0
  Zhemuzhen: GMT+8.0
  Tokyo: GMT+9.0
  Nagai: GMT+9.0
  Lavrentiya: GMT+12.0

Provide the time in the same format (e.g., 1AM, 3:49PM)."	9PM	6:30PM	Easy
timezone		"Convert 1AM in Los Angeles time to New York time. Assume you are thinking about standard time, not daylight savings.

Conversion guide:
City timezones (relative to GMT):
  Hilo: GMT-10.0
  Los Angeles: GMT-8.0
  Salem: GMT-8.0
  Yorba Linda: GMT-8.0
  New York: GMT-5.0
  Altoona: GMT-5.0
  London: GMT+0.0
  Llieda: GMT+1.0
  Kafue: GMT+2.0
  Istanbul: GMT+3.0
  Delhi: GMT+5.5
  Noorabad: GMT+5.5
  Dhaka: GMT+6.0
  Jakarta: GMT+7.0
  Shanghai: GMT+8.0
  Manila: GMT+8.0
  Zhemuzhen: GMT+8.0
  Tokyo: GMT+9.0
  Nagai: GMT+9.0
  Lavrentiya: GMT+12.0

Provide the time in the same format (e.g., 1AM, 3:49PM)."	1AM	4AM	Easy
timezone		"Convert 1PM in Tokyo time to Dhaka time. Assume you are thinking about standard time, not daylight savings.

Conversion guide:
City timezones (relative to GMT):
  Hilo: GMT-10.0
  Los Angeles: GMT-8.0
  Salem: GMT-8.0
  Yorba Linda: GMT-8.0
  New York: GMT-5.0
  Altoona: GMT-5.0
  London: GMT+0.0
  Llieda: GMT+1.0
  Kafue: GMT+2.0
  Istanbul: GMT+3.0
  Delhi: GMT+5.5
  Noorabad: GMT+5.5
  Dhaka: GMT+6.0
  Jakarta: GMT+7.0
  Shanghai: GMT+8.0
  Manila: GMT+8.0
  Zhemuzhen: GMT+8.0
  Tokyo: GMT+9.0
  Nagai: GMT+9.0
  Lavrentiya: GMT+12.0

Provide the time in the same format (e.g., 1AM, 3:49PM)."	1PM	10AM	Easy
timezone		"Convert 9PM in Los Angeles time to New York time. Assume you are thinking about standard time, not daylight savings.

Conversion guide:
City timezones (relative to GMT):
  Hilo: GMT-10.0
  Los Angeles: GMT-8.0
  Salem: GMT-8.0
  Yorba Linda: GMT-8.0
  New York: GMT-5.0
  Altoona: GMT-5.0
  London: GMT+0.0
  Llieda: GMT+1.0
  Kafue: GMT+2.0
  Istanbul: GMT+3.0
  Delhi: GMT+5.5
  Noorabad: GMT+5.5
  Dhaka: GMT+6.0
  Jakarta: GMT+7.0
  Shanghai: GMT+8.0
  Manila: GMT+8.0
  Zhemuzhen: GMT+8.0
  Tokyo: GMT+9.0
  Nagai: GMT+9.0
  Lavrentiya: GMT+12.0

Provide the time in the same format (e.g., 1AM, 3:49PM)."	9PM	12AM	Easy
timezone		"Convert 12PM in Zhemuzhen time to Noorabad time. Assume you are thinking about standard time, not daylight savings.

Conversion guide:
City timezones (relative to GMT):
  Hilo: GMT-10.0
  Los Angeles: GMT-8.0
  Salem: GMT-8.0
  Yorba Linda: GMT-8.0
  New York: GMT-5.0
  Altoona: GMT-5.0
  London: GMT+0.0
  Llieda: GMT+1.0
  Kafue: GMT+2.0
  Istanbul: GMT+3.0
  Delhi: GMT+5.5
  Noorabad: GMT+5.5
  Dhaka: GMT+6.0
  Jakarta: GMT+7.0
  Shanghai: GMT+8.0
  Manila: GMT+8.0
  Zhemuzhen: GMT+8.0
  Tokyo: GMT+9.0
  Nagai: GMT+9.0
  Lavrentiya: GMT+12.0

Provide the time in the same format (e.g., 1AM, 3:49PM)."	12PM	9:30AM	Easy
timezone		"Convert 12PM in Manila time to Delhi time. Assume you are thinking about standard time, not daylight savings.

Conversion guide:
City timezones (relative to GMT):
  Hilo: GMT-10.0
  Los Angeles: GMT-8.0
  Salem: GMT-8.0
  Yorba Linda: GMT-8.0
  New York: GMT-5.0
  Altoona: GMT-5.0
  London: GMT+0.0
  Llieda: GMT+1.0
  Kafue: GMT+2.0
  Istanbul: GMT+3.0
  Delhi: GMT+5.5
  Noorabad: GMT+5.5
  Dhaka: GMT+6.0
  Jakarta: GMT+7.0
  Shanghai: GMT+8.0
  Manila: GMT+8.0
  Zhemuzhen: GMT+8.0
  Tokyo: GMT+9.0
  Nagai: GMT+9.0
  Lavrentiya: GMT+12.0

Provide the time in the same format (e.g., 1AM, 3:49PM)."	12PM	9:30AM	Easy
timezone		"Convert 12PM in Tokyo time to Dhaka time. Assume you are thinking about standard time, not daylight savings.

Conversion guide:
City timezones (relative to GMT):
  Hilo: GMT-10.0
  Los Angeles: GMT-8.0
  Salem: GMT-8.0
  Yorba Linda: GMT-8.0
  New York: GMT-5.0
  Altoona: GMT-5.0
  London: GMT+0.0
  Llieda: GMT+1.0
  Kafue: GMT+2.0
  Istanbul: GMT+3.0
  Delhi: GMT+5.5
  Noorabad: GMT+5.5
  Dhaka: GMT+6.0
  Jakarta: GMT+7.0
  Shanghai: GMT+8.0
  Manila: GMT+8.0
  Zhemuzhen: GMT+8.0
  Tokyo: GMT+9.0
  Nagai: GMT+9.0
  Lavrentiya: GMT+12.0

Provide the time in the same format (e.g., 1AM, 3:49PM)."	12PM	9AM	Easy
timezone		"Convert 11:59AM in Istanbul time to Jakarta time. Assume you are thinking about standard time, not daylight savings.

Conversion guide:
City timezones (relative to GMT):
  Hilo: GMT-10.0
  Los Angeles: GMT-8.0
  Salem: GMT-8.0
  Yorba Linda: GMT-8.0
  New York: GMT-5.0
  Altoona: GMT-5.0
  London: GMT+0.0
  Llieda: GMT+1.0
  Kafue: GMT+2.0
  Istanbul: GMT+3.0
  Delhi: GMT+5.5
  Noorabad: GMT+5.5
  Dhaka: GMT+6.0
  Jakarta: GMT+7.0
  Shanghai: GMT+8.0
  Manila: GMT+8.0
  Zhemuzhen: GMT+8.0
  Tokyo: GMT+9.0
  Nagai: GMT+9.0
  Lavrentiya: GMT+12.0

Provide the time in the same format (e.g., 1AM, 3:49PM)."	11:59AM	3:58PM	Hard
timezone		"Convert 3:49PM in Hilo time to Salem time. Assume you are thinking about standard time, not daylight savings.

Conversion guide:
City timezones (relative to GMT):
  Hilo: GMT-10.0
  Los Angeles: GMT-8.0
  Salem: GMT-8.0
  Yorba Linda: GMT-8.0
  New York: GMT-5.0
  Altoona: GMT-5.0
  London: GMT+0.0
  Llieda: GMT+1.0
  Kafue: GMT+2.0
  Istanbul: GMT+3.0
  Delhi: GMT+5.5
  Noorabad: GMT+5.5
  Dhaka: GMT+6.0
  Jakarta: GMT+7.0
  Shanghai: GMT+8.0
  Manila: GMT+8.0
  Zhemuzhen: GMT+8.0
  Tokyo: GMT+9.0
  Nagai: GMT+9.0
  Lavrentiya: GMT+12.0

Provide the time in the same format (e.g., 1AM, 3:49PM)."	3:49PM	5:48PM	Hard
timezone		"Convert 6:58PM in Hilo time to Salem time. Assume you are thinking about standard time, not daylight savings.

Conversion guide:
City timezones (relative to GMT):
  Hilo: GMT-10.0
  Los Angeles: GMT-8.0
  Salem: GMT-8.0
  Yorba Linda: GMT-8.0
  New York: GMT-5.0
  Altoona: GMT-5.0
  London: GMT+0.0
  Llieda: GMT+1.0
  Kafue: GMT+2.0
  Istanbul: GMT+3.0
  Delhi: GMT+5.5
  Noorabad: GMT+5.5
  Dhaka: GMT+6.0
  Jakarta: GMT+7.0
  Shanghai: GMT+8.0
  Manila: GMT+8.0
  Zhemuzhen: GMT+8.0
  Tokyo: GMT+9.0
  Nagai: GMT+9.0
  Lavrentiya: GMT+12.0

Provide the time in the same format (e.g., 1AM, 3:49PM)."	6:58PM	8:57PM	Hard
timezone		"Convert 2:48AM in Llieda time to Nagai time. Assume you are thinking about standard time, not daylight savings.

Conversion guide:
City timezones (relative to GMT):
  Hilo: GMT-10.0
  Los Angeles: GMT-8.0
  Salem: GMT-8.0
  Yorba Linda: GMT-8.0
  New York: GMT-5.0
  Altoona: GMT-5.0
  London: GMT+0.0
  Llieda: GMT+1.0
  Kafue: GMT+2.0
  Istanbul: GMT+3.0
  Delhi: GMT+5.5
  Noorabad: GMT+5.5
  Dhaka: GMT+6.0
  Jakarta: GMT+7.0
  Shanghai: GMT+8.0
  Manila: GMT+8.0
  Zhemuzhen: GMT+8.0
  Tokyo: GMT+9.0
  Nagai: GMT+9.0
  Lavrentiya: GMT+12.0

Provide the time in the same format (e.g., 1AM, 3:49PM)."	2:48AM	10:48AM	Hard
timezone		"Convert 11:59AM in Llieda time to Nagai time. Assume you are thinking about standard time, not daylight savings.

Conversion guide:
City timezones (relative to GMT):
  Hilo: GMT-10.0
  Los Angeles: GMT-8.0
  Salem: GMT-8.0
  Yorba Linda: GMT-8.0
  New York: GMT-5.0
  Altoona: GMT-5.0
  London: GMT+0.0
  Llieda: GMT+1.0
  Kafue: GMT+2.0
  Istanbul: GMT+3.0
  Delhi: GMT+5.5
  Noorabad: GMT+5.5
  Dhaka: GMT+6.0
  Jakarta: GMT+7.0
  Shanghai: GMT+8.0
  Manila: GMT+8.0
  Zhemuzhen: GMT+8.0
  Tokyo: GMT+9.0
  Nagai: GMT+9.0
  Lavrentiya: GMT+12.0

Provide the time in the same format (e.g., 1AM, 3:49PM)."	11:59AM	7:59PM	Hard
timezone		"Convert 2:48AM in Yorba Linda time to Altoona time. Assume you are thinking about standard time, not daylight savings.

Conversion guide:
City timezones (relative to GMT):
  Hilo: GMT-10.0
  Los Angeles: GMT-8.0
  Salem: GMT-8.0
  Yorba Linda: GMT-8.0
  New York: GMT-5.0
  Altoona: GMT-5.0
  London: GMT+0.0
  Llieda: GMT+1.0
  Kafue: GMT+2.0
  Istanbul: GMT+3.0
  Delhi: GMT+5.5
  Noorabad: GMT+5.5
  Dhaka: GMT+6.0
  Jakarta: GMT+7.0
  Shanghai: GMT+8.0
  Manila: GMT+8.0
  Zhemuzhen: GMT+8.0
  Tokyo: GMT+9.0
  Nagai: GMT+9.0
  Lavrentiya: GMT+12.0

Provide the time in the same format (e.g., 1AM, 3:49PM)."	2:48AM	5:48AM	Hard
timezone		"Convert 2:48AM in Manila time to Delhi time. Assume you are thinking about standard time, not daylight savings.

Conversion guide:
City timezones (relative to GMT):
  Hilo: GMT-10.0
  Los Angeles: GMT-8.0
  Salem: GMT-8.0
  Yorba Linda: GMT-8.0
  New York: GMT-5.0
  Altoona: GMT-5.0
  London: GMT+0.0
  Llieda: GMT+1.0
  Kafue: GMT+2.0
  Istanbul: GMT+3.0
  Delhi: GMT+5.5
  Noorabad: GMT+5.5
  Dhaka: GMT+6.0
  Jakarta: GMT+7.0
  Shanghai: GMT+8.0
  Manila: GMT+8.0
  Zhemuzhen: GMT+8.0
  Tokyo: GMT+9.0
  Nagai: GMT+9.0
  Lavrentiya: GMT+12.0

Provide the time in the same format (e.g., 1AM, 3:49PM)."	2:48AM	12:18AM	Hard
timezone		"Convert 8:11PM in Tokyo time to Dhaka time. Assume you are thinking about standard time, not daylight savings.

Conversion guide:
City timezones (relative to GMT):
  Hilo: GMT-10.0
  Los Angeles: GMT-8.0
  Salem: GMT-8.0
  Yorba Linda: GMT-8.0
  New York: GMT-5.0
  Altoona: GMT-5.0
  London: GMT+0.0
  Llieda: GMT+1.0
  Kafue: GMT+2.0
  Istanbul: GMT+3.0
  Delhi: GMT+5.5
  Noorabad: GMT+5.5
  Dhaka: GMT+6.0
  Jakarta: GMT+7.0
  Shanghai: GMT+8.0
  Manila: GMT+8.0
  Zhemuzhen: GMT+8.0
  Tokyo: GMT+9.0
  Nagai: GMT+9.0
  Lavrentiya: GMT+12.0

Provide the time in the same format (e.g., 1AM, 3:49PM)."	8:11PM	5:11PM	Hard
timezone		"Convert 6:58PM in Manila time to Delhi time. Assume you are thinking about standard time, not daylight savings.

Conversion guide:
City timezones (relative to GMT):
  Hilo: GMT-10.0
  Los Angeles: GMT-8.0
  Salem: GMT-8.0
  Yorba Linda: GMT-8.0
  New York: GMT-5.0
  Altoona: GMT-5.0
  London: GMT+0.0
  Llieda: GMT+1.0
  Kafue: GMT+2.0
  Istanbul: GMT+3.0
  Delhi: GMT+5.5
  Noorabad: GMT+5.5
  Dhaka: GMT+6.0
  Jakarta: GMT+7.0
  Shanghai: GMT+8.0
  Manila: GMT+8.0
  Zhemuzhen: GMT+8.0
  Tokyo: GMT+9.0
  Nagai: GMT+9.0
  Lavrentiya: GMT+12.0

Provide the time in the same format (e.g., 1AM, 3:49PM)."	6:58PM	4:27PM	Hard
timezone		"Convert 11:59AM in Tokyo time to Dhaka time. Assume you are thinking about standard time, not daylight savings.

Conversion guide:
City timezones (relative to GMT):
  Hilo: GMT-10.0
  Los Angeles: GMT-8.0
  Salem: GMT-8.0
  Yorba Linda: GMT-8.0
  New York: GMT-5.0
  Altoona: GMT-5.0
  London: GMT+0.0
  Llieda: GMT+1.0
  Kafue: GMT+2.0
  Istanbul: GMT+3.0
  Delhi: GMT+5.5
  Noorabad: GMT+5.5
  Dhaka: GMT+6.0
  Jakarta: GMT+7.0
  Shanghai: GMT+8.0
  Manila: GMT+8.0
  Zhemuzhen: GMT+8.0
  Tokyo: GMT+9.0
  Nagai: GMT+9.0
  Lavrentiya: GMT+12.0

Provide the time in the same format (e.g., 1AM, 3:49PM)."	11:59AM	8:58AM	Hard
